Create,2023-12-16 15:36:18,Create an image of a futuristic cloning machine in a cozy living room. The machine is duplicating a small, detailed model of a server, symbolizing the
Create,2023-12-16 15:36:29,Create an image of a kitchen with a high-tech mechanical arm extending from a computer, reaching into a cloud and pulling out colorful streams of code
Genera,2023-12-16 15:36:31,Generate an image of an artist's studio in a garage, with a canvas showing glowing code snippets. These represent changes being 'added' to the staging
Create,2023-12-16 15:36:41,Create an image of a study room with a secure vault. Inside the vault, code changes are being stored, representing the 'git commit' command saving cha
Genera,2023-12-16 15:36:43,Generate an image of a futuristic post office in a backyard, with glowing packages (commits) traveling through a portal, symbolizing the 'git push' co
Create,2023-12-16 15:36:47,Create an image of a magical tree in a garden, with branches symbolizing different lines of development, representing the 'git branch' command
Genera,2023-12-16 15:36:50,Generate an image of a crafts room with a river confluence model, where two streams of glittering beads merge into one, representing the 'git merge' c
Create,2023-12-16 15:36:56,Create an image of a living room with a large digital dashboard, showing the 'git status' of a project, including the working directory and staging ar
Genera,2023-12-16 15:36:59,Generate an image of an ancient study with a grand book open on a desk, each page detailing a part of a project's history, representing the 'git log' 
Create,2023-12-16 15:37:03,Create an image of a secret lab under the stairs with a high-tech compartment, storing unfinished code changes, representing the 'git stash' command
